<?xml version="1.0" encoding="UTF-8"?>
<project-private xmlns="http://www.netbeans.org/ns/project-private/1">
    <editor-bookmarks xmlns="http://www.netbeans.org/ns/editor-bookmarks/2" lastBookmarkId="0"/>
    <open-files xmlns="http://www.netbeans.org/ns/projectui-open-files/2">
        <group>
            <file>file:/home/eduardo/Área%20de%20Trabalho/TP_ESTACIONAMENTO/src/tp_estacionamento/Email.java</file>
            <file>file:/home/eduardo/Área%20de%20Trabalho/TP_ESTACIONAMENTO/src/tp_estacionamento/Veiculo.java</file>
            <file>file:/home/eduardo/Área%20de%20Trabalho/TP_ESTACIONAMENTO/src/tp_estacionamento/Carro.java</file>
            <file>file:/home/eduardo/Área%20de%20Trabalho/TP_ESTACIONAMENTO/src/tp_estacionamento/Main_menu.java</file>
            <file>file:/home/eduardo/Área%20de%20Trabalho/TP_ESTACIONAMENTO/src/tp_estacionamento/Interface/Cadastro.java</file>
            <file>file:/home/eduardo/Área%20de%20Trabalho/TP_ESTACIONAMENTO/src/tp_estacionamento/Moto.java</file>
        </group>
    </open-files>
</project-private>
